<?xml version="1.0" encoding="utf-8"?>

<!-- use empty string to specify no proxy or port -->
<!-- This version must agree with that in apps/common/res/apns.xml -->
<apns version="6">
    <apn carrier="MetroPCS"
         mcc="310"
         mnc="00"
         apn="internet"
         user="*"
         server="*"
         password="*"
         mmsc="http://mms.metropcs.net:3128/mmsc"
         auth="NONE"
    />
    <apn carrier="U.S.Cellular"
         mcc="310"
         mnc="066"
         apn="internet"
         user="*"
         server="*"
         password="*"
         mmsc="http://mmsc1.uscc.net/mmsc/MMS"
    />
    <apn carrier="T-Mobile US"
         mcc="310"
         mnc="260"
         apn="epc.tmobile.com"
         user="none"
         server="*"
         password="none"
         auth = "NONE"
         mmsc="http://mms.msg.eng.t-mobile.com/mms/wapenc"
    />
    <!-- BEGIN Motorola, cmw467, 08/12/2010, IKMAIN-9335 Modify Apn database for ATT Entitlement check for Tethering and Hotspot -->
    <apn carrier="AT&amp;T US Tether"
         mcc="310"
         mnc="410"
         apn="broadband"
         user=""
         password=""
         auth = "NONE"
         proxy="wireless.cingular.com"
         port="80"
         type="entitle"
    />
    <apn carrier="AT&amp;T US"
         mcc="310"
         mnc="410"
         apn="wap.cingular"
         user=""
         password=""
         auth = "NONE"
         mmsport="80"
         mmsc="http://mmsc.cingular.com"
         mmsproxy="wireless.cingular.com"
         proxy="wireless.cingular.com"
         port="80"
         type="default,mms,supl,agps,fota,dun"
    />
    <!-- BEGIN Motorola, a13803, 07/10/2010, IKHALFMWK-87: Modify Apn database for VZW LTE support -->
    <!-- BEGIN Motorola, btm478, 12/02/2010, IKHALFMWK-117:Change Inactivity Timer to 24 hrs  -->
    <apn carrier="Verizon Internet"
        mcc="310"
        mnc="004"
        apn="VZWINTERNET"
        mmsc="http://mms.vtext.com/servlets/mms"
        type="default,mms,dun"
        inactivetimer="1440"
        enabled="true"
        iptype="IPv6v4"
        class="3"
    />
    <apn carrier="Verizon FOTA"
        mcc="310"
        mnc="004"
        apn="VZWADMIN"
        type="fota"
        inactivetimer="1440"
        enabled="true"
        iptype="IPv6v4"
        class="2"
    />
    <apn carrier="Verizon IMS"
        mcc="310"
        mnc="004"
        apn="VZWIMS"
        type="ims"
        inactivetimer="1440"
        enabled="true"
        iptype="IPv6v4"
        class="1"
    />
    <apn carrier="Verizon CBS"
        mcc="310"
        mnc="004"
        apn="VZWAPP"
        mmsc="http://mms.vtext.com/servlets/mms"
        type="cbs,hipri"
        inactivetimer="1440"
        enabled="true"
        iptype="IPv6v4"
        class="4"
    />
    <!-- END IKHALFMWK-87 -->
    <apn carrier="Rogers Internet"
         mcc="310"
         mnc="720"
         apn="internet.com"
         user=""
         password=""
         proxy="10.128.1.69"
	 port="80"
	 type="default"    />

    <apn carrier="Rogers Media"
         mcc="310"
         mnc="720"
         apn="media.com"
         user="media"
         password="mda01"
         proxy="10.128.1.69"
	 port="80"
	 type="mms"    />

    <apn carrier="Orange World"
         mcc="208"
         mnc="01"
         apn="orange"
         user="orange"
         password="orange"
         auth = "NONE"
         type="default"
    />

    <apn carrier="Orange MMS"
         mcc="208"
         mnc="01"
         apn="orange.acte"
         user="orange"
         password="orange"
         auth = "NONE"
         mmsc="http://mms.orange.fr"
         mmsproxy="192.168.10.200"
	 mmsport="8080"
	 type="mms"
    />

    <apn carrier="Orange AT"
         mcc="232"
         mnc="05"
         apn="orange.world"
         user="wap"
         password=""
    />

    <apn carrier="Orange SUI"
         mcc="228"
         mnc="03"
         apn="internet"
         user=""
         password=""
    />

    <apn carrier="Orange NE"
         mcc="204"
         mnc="20"
         apn="internet"
         user="orange"
         password="orange"
    />

    <apn carrier="Orange DE"
         mcc="238"
         mnc="30"
         apn="web.orange.dk"
         user=""
         password=""
    />

    <apn carrier="Orange DR"
         mcc="370"
         mnc="01"
         apn="orangenet.com.do"
         user=""
         password=""
    />

    <apn carrier="Orange IL"
         mcc="425"
         mnc="01"
         apn="internet"
         user=""
         password=""
    />

    <apn carrier="Orange UK 33"
         mcc="234"
         mnc="33"
         apn="orangeinternet"
         user="user"
         password="pass"
	 port="8080"
         type="default"
    />

    <apn carrier="Orange UK 33 MMS"
         mcc="234"
         mnc="33"
         apn="orangemms"
         user=""
         password=""
         mmsc="http://mms.orange.co.uk"
         mmsproxy="192.168.224.10"
	 mmsport="8080"
	 type="mms"
    />

    <apn carrier="Orange UK 34"
         mcc="234"
         mnc="34"
         apn="orangeinternet"
         user="user"
         password="pass"
	 port="8080"
         type="default"
    />

    <apn carrier="Orange UK 34 MMS"
         mcc="234"
         mnc="34"
         apn="orangemms"
         user=""
         password=""
         mmsc="http://mms.orange.co.uk"
         mmsproxy="192.168.224.10"
	 mmsport="8080"
	 type="mms"
    />

    <apn carrier="T-Mobile US 250"
         mcc="310"
         mnc="250"
         apn="epc.tmobile.com"
         user="none"
         server="*"
         password="none"
         auth = "NONE"
         mmsc="http://mms.msg.eng.t-mobile.com/mms/wapenc"
    />
    <apn carrier="T-Mobile US 660"
         mcc="310"
         mnc="660"
         apn="epc.tmobile.com"
         user="none"
         server="*"
         password="none"
         auth = "NONE"
         mmsc="http://mms.msg.eng.t-mobile.com/mms/wapenc"
    />
    <apn carrier="T-Mobile US 230"
         mcc="310"
         mnc="230"
         apn="epc.tmobile.com"
         user="none"
         server="*"
         password="none"
         auth = "NONE"
         mmsc="http://mms.msg.eng.t-mobile.com/mms/wapenc"
    />
    <apn carrier="T-Mobile US 310"
         mcc="310"
         mnc="310"
         apn="epc.tmobile.com"
         user="none"
         server="*"
         password="none"
         auth = "NONE"
         mmsc="http://mms.msg.eng.t-mobile.com/mms/wapenc"
    />
    <apn carrier="T-Mobile US 580"
         mcc="310"
         mnc="580"
         apn="epc.tmobile.com"
         user="none"
         server="*"
         password="none"
         auth = "NONE"
         mmsc="http://mms.msg.eng.t-mobile.com/mms/wapenc"
    />
    <apn carrier="T-Mobile US 240"
         mcc="310"
         mnc="240"
         apn="epc.tmobile.com"
         user="none"
         server="*"
         password="none"
         auth = "NONE"
         mmsc="http://mms.msg.eng.t-mobile.com/mms/wapenc"
    />
    <apn carrier="T-Mobile US 800"
         mcc="310"
         mnc="800"
         apn="epc.tmobile.com"
         user="none"
         server="*"
         password="none"
         auth = "NONE"
         mmsc="http://mms.msg.eng.t-mobile.com/mms/wapenc"
    />
    <apn carrier="T-Mobile US 210"
         mcc="310"
         mnc="210"
         apn="epc.tmobile.com"
         user="none"
         server="*"
         password="none"
         auth = "NONE"
         mmsc="http://mms.msg.eng.t-mobile.com/mms/wapenc"
    />
    <apn carrier="T-Mobile US 160"
         mcc="310"
         mnc="160"
         apn="epc.tmobile.com"
         user="none"
         server="*"
         password="none"
         auth = "NONE"
         mmsc="http://mms.msg.eng.t-mobile.com/mms/wapenc"
    />
    <apn carrier="T-Mobile US 270"
         mcc="310"
         mnc="270"
         apn="epc.tmobile.com"
         user="none"
         server="*"
         password="none"
         auth = "NONE"
         mmsc="http://mms.msg.eng.t-mobile.com/mms/wapenc"
    />
    <apn carrier="T-Mobile US 200"
         mcc="310"
         mnc="200"
         apn="epc.tmobile.com"
         user="none"
         server="*"
         password="none"
         mmsc="http://mms.msg.eng.t-mobile.com/mms/wapenc"
    />
    <apn carrier="T-Mobile US 220"
         mcc="310"
         mnc="220"
         apn="epc.tmobile.com"
         user="none"
         server="*"
         password="none"
         auth = "NONE"
         mmsc="http://mms.msg.eng.t-mobile.com/mms/wapenc"
    />
    <apn carrier="T-Mobile US 490"
         mcc="310"
         mnc="490"
         apn="epc.tmobile.com"
         user="none"
         server="*"
         password="none"
         auth = "NONE"
         mmsc="http://mms.msg.eng.t-mobile.com/mms/wapenc"
    />
    <!-- T-Mobile Europe -->
    <apn carrier="T-Mobile UK"
         mcc="234"
         mnc="30"
         apn="general.t-mobile.uk"
         user="t-mobile"
         password="tm"
         server="*"
         mmsproxy="149.254.201.135"
         mmsport="8080"
         mmsc="http://mmsc.t-mobile.co.uk:8002"
    />
    <apn carrier="T-Mobile D"
         mcc="262"
         mnc="01"
         apn="internet.t-mobile"
         user="t-mobile"
         password="tm"
         server="*"
         mmsproxy="172.028.023.131"
         mmsport="8008"
         mmsc="http://mms.t-mobile.de/servlets/mms"
    />
    <apn carrier="T-Mobile A"
         mcc="232"
         mnc="03"
         apn="gprsinternet"
         user="t-mobile"
         password="tm"
         server="*"
         mmsproxy="010.012.000.020"
         mmsport="80"
         mmsc="http://mmsc.t-mobile.at/servlets/mms"
         type="default"
    />
    <apn carrier="T-Mobile A MMS"
         mcc="232"
         mnc="03"
         apn="gprsmms"
         user="t-mobile"
         password="tm"
         server="*"
         mmsproxy="010.012.000.020"
         mmsport="80"
         mmsc="http://mmsc.t-mobile.at/servlets/mms"
         type="mms"
    />
    <apn carrier="T-Mobile CZ"
         mcc="230"
         mnc="01"
         apn="internet.t-mobile.cz"
         user="wap"
         password="wap"
         server="*"
         mmsproxy="010.000.000.010"
         mmsport="80"
         mmsc="http://mms"
         type="default"
    />
    <apn carrier="T-Mobile CZ MMS"
         mcc="230"
         mnc="01"
         apn="mms.t-mobile.cz"
         user="mms"
         password="mms"
         server="*"
         mmsproxy="010.000.000.010"
         mmsport="80"
         mmsc="http://mms"
         type="mms"
    />
    <apn carrier="T-Mobile NL"
         mcc="204"
         mnc="16"
         apn="internet"
         user="*"
         password="*"
         server="*"
         mmsproxy="010.010.010.011"
         mmsport="8080"
         mmsc="http://t-mobilemms"
         type="default"
    />
    <apn carrier="T-Mobile NL MMS"
         mcc="204"
         mnc="16"
         apn="mms"
         user="tmobilemms"
         password="tmobilemms"
         server="*"
         mmsproxy="010.010.010.011"
         mmsport="8080"
         mmsc="http://t-mobilemms"
         type="mms"
    />
   <apn carrier="movistar"
         mcc="214"
         mnc="07"
         apn="telefonica.es"
         user="telefonica"
         password="telefonica"
         auth = "PAP"
         proxy="10.138.255.133"
         port="8080"
         mmsproxy="10.138.255.5"
         mmsport="8080"
         mmsc="http://mms.movistar.com"
    />
    <apn carrier="Vodafone-NL"
        mcc="204"
        mnc="04"
        apn="emgsm.vzw3g.com"
        user="*"
        server="*"
        password="*"
        mmsc="http://mms.vtext.com/servlets/mms"
        type="default,mms"
    />
    <apn carrier="Vodafone-NL"
        mcc="204"
        mnc="04"
        apn="dungsm.vzw3g.com"
        user="*"
        server="*"
        password="*"
        mmsc="http://mms.vtext.com/servlets/mms"
        type="dun"
    />
</apns>
