<list><string>__overwrite_all__</string><map><string name='AccName'>VzWDMServer</string><string name='UserName'>e0e5e7eaebeb</string><string name='ServerPW'>0000000000000000</string><string name='AuthPref'>DIGEST</string><string name='ClientNonce'>123abc</string><string name='AddrType'>1</string><string name='ServerID'>com.vzwdmserver</string><string name='Addr'>https://vzwdm.com/</string><string name='ClientPW'>0000000000000000</string><string name='ServerNonce'>abc123</string><string name='ConRef'/><string name='Name'>VzWDMServer</string><string name='PortNbr'>443</string></map></list>